Shift i;Trailer;Driver;Início ;Fim
;cliente j;chegada;saída;qtde
;cliente k;chegada;saída;qtde
;...;;;
;...;;;
;;;;
;;;;
;;;;
;;;;
Shift 1;0;0;0.000;19.867
;13;0.95;0.95;3828.00
;6;1.45;1.45;1056.00
;12;3.80;3.80;6028.00
;4;7.72;7.72;1182.00
;5;8.30;8.30;44.00
;2;10.68;10.68;10720.00
;1;14.73;14.73;22858.00
;;;;
Shift 2;1;1;0.000;16.100
;8;0.60;0.60;396.00
;9;2.77;2.77;1434.00
;4;4.08;4.08;1182.00
;5;4.67;4.67;44.00
;2;7.05;7.05;10720.00
;11;8.27;8.27;2082.00
;1;13.40;13.40;20742.00
;;;;
Shift 3;1;1;17.000;36.950
;8;17.60;17.60;396.00
;13;18.02;18.02;3828.00
;6;18.52;18.52;1056.00
;12;20.87;20.87;6028.00
;9;23.48;23.48;1434.00
;4;24.80;24.80;1182.00
;5;25.38;25.38;44.00
;2;27.77;27.77;6774.00
;1;31.82;31.82;23000.00
;;;;
Shift 4;0;0;20.000;37.883
;8;20.60;20.60;396.00
;13;21.02;21.02;3828.00
;6;21.52;21.52;1056.00
;12;23.87;23.87;6028.00
;9;26.48;26.48;1434.00
;4;27.80;27.80;1182.00
;5;28.38;28.38;44.00
;2;30.77;30.77;8890.00
;1;34.82;34.82;23000.00
;;;;
Shift 5;1;1;37.000;54.883
;8;37.60;37.60;396.00
;13;38.02;38.02;3828.00
;6;38.52;38.52;1056.00
;12;40.87;40.87;6028.00
;9;43.48;43.48;1434.00
;4;44.80;44.80;1182.00
;5;45.38;45.38;44.00
;2;47.77;47.77;9032.00
;1;51.82;51.82;23000.00
;;;;
Shift 6;0;0;38.000;53.033
;9;39.70;39.70;1434.00
;4;41.02;41.02;1182.00
;5;41.60;41.60;44.00
;2;43.98;43.98;10720.00
;11;45.20;45.20;2082.00
;1;50.33;50.33;20742.00
;;;;
Shift 7;0;0;54.000;71.883
;8;54.60;54.60;396.00
;13;55.02;55.02;3828.00
;6;55.52;55.52;1056.00
;12;57.87;57.87;6028.00
;9;60.48;60.48;1434.00
;4;61.80;61.80;1182.00
;5;62.38;62.38;44.00
;2;64.77;64.77;6774.00
;1;68.82;68.82;23000.00
;;;;
Shift 8;1;1;55.000;70.033
;9;56.70;56.70;1434.00
;4;58.02;58.02;1182.00
;5;58.60;58.60;44.00
;2;60.98;60.98;10720.00
;11;62.20;62.20;2082.00
;1;67.33;67.33;20742.00
;;;;
Shift 9;1;1;71.000;88.883
;8;71.60;71.60;396.00
;13;72.02;72.02;3828.00
;6;72.52;72.52;1056.00
;12;74.87;74.87;6028.00
;9;77.48;77.48;1434.00
;4;78.80;78.80;1182.00
;5;79.38;79.38;44.00
;2;81.77;81.77;6774.00
;1;85.82;85.82;23000.00
;;;;
Shift 10;0;0;72.000;87.033
;9;73.70;73.70;1434.00
;4;75.02;75.02;1182.00
;5;75.60;75.60;44.00
;2;77.98;77.98;10720.00
;11;79.20;79.20;2082.00
;1;84.33;84.33;20742.00
;;;;
Shift 11;0;0;88.000;105.883
;8;88.60;88.60;396.00
;13;89.02;89.02;3828.00
;6;89.52;89.52;1056.00
;12;91.87;91.87;6028.00
;9;94.48;94.48;1434.00
;4;95.80;95.80;1182.00
;5;96.38;96.38;44.00
;2;98.77;98.77;6774.00
;1;102.82;102.82;23000.00
;;;;
Shift 12;1;1;89.000;104.033
;9;90.70;90.70;1434.00
;4;92.02;92.02;1182.00
;5;92.60;92.60;44.00
;2;94.98;94.98;10720.00
;11;96.20;96.20;2082.00
;1;101.33;101.33;20742.00
;;;;
Shift 13;1;1;105.000;122.883
;8;105.60;105.60;396.00
;13;106.02;106.02;3828.00
;6;106.52;106.52;1056.00
;12;108.87;108.87;6028.00
;9;111.48;111.48;1434.00
;4;112.80;112.80;1182.00
;5;113.38;113.38;44.00
;2;115.77;115.77;6774.00
;1;119.82;119.82;23000.00
;;;;
Shift 14;0;0;106.000;121.033
;9;107.70;107.70;1434.00
;4;109.02;109.02;1182.00
;5;109.60;109.60;44.00
;2;111.98;111.98;10720.00
;11;113.20;113.20;2082.00
;1;118.33;118.33;20742.00
;;;;
Shift 15;0;0;122.000;139.883
;8;122.60;122.60;396.00
;13;123.02;123.02;3828.00
;6;123.52;123.52;1056.00
;12;125.87;125.87;6028.00
;9;128.48;128.48;1434.00
;4;129.80;129.80;1182.00
;5;130.38;130.38;44.00
;2;132.77;132.77;6774.00
;1;136.82;136.82;23000.00
;;;;
Shift 16;1;1;123.000;138.033
;9;124.70;124.70;1434.00
;4;126.02;126.02;1182.00
;5;126.60;126.60;44.00
;2;128.98;128.98;10720.00
;11;130.20;130.20;2082.00
;1;135.33;135.33;20742.00
;;;;
Shift 17;1;1;139.000;156.883
;8;139.60;139.60;396.00
;13;140.02;140.02;3828.00
;6;140.52;140.52;1056.00
;12;142.87;142.87;6028.00
;9;145.48;145.48;1434.00
;4;146.80;146.80;1182.00
;5;147.38;147.38;44.00
;2;149.77;149.77;6774.00
;1;153.82;153.82;23000.00
;;;;
Shift 18;0;0;140.000;155.033
;9;141.70;141.70;1434.00
;4;143.02;143.02;1182.00
;5;143.60;143.60;44.00
;2;145.98;145.98;10720.00
;11;147.20;147.20;2082.00
;1;152.33;152.33;20742.00
;;;;
Shift 19;0;0;156.000;173.883
;8;156.60;156.60;396.00
;13;157.02;157.02;3828.00
;6;157.52;157.52;1056.00
;12;159.87;159.87;6028.00
;9;162.48;162.48;1434.00
;4;163.80;163.80;1182.00
;5;164.38;164.38;44.00
;2;166.77;166.77;6774.00
;1;170.82;170.82;23000.00
;;;;
Shift 20;1;1;157.000;172.033
;9;158.70;158.70;1434.00
;4;160.02;160.02;1182.00
;5;160.60;160.60;44.00
;2;162.98;162.98;10720.00
;11;164.20;164.20;2082.00
;1;169.33;169.33;20742.00
;;;;
Shift 21;1;1;173.000;190.883
;8;173.60;173.60;396.00
;13;174.02;174.02;3828.00
;6;174.52;174.52;1056.00
;12;176.87;176.87;6028.00
;9;179.48;179.48;1434.00
;4;180.80;180.80;1182.00
;5;181.38;181.38;44.00
;2;183.77;183.77;6774.00
;1;187.82;187.82;23000.00
;;;;
Shift 22;0;0;174.000;189.033
;9;175.70;175.70;1434.00
;4;177.02;177.02;1182.00
;5;177.60;177.60;44.00
;2;179.98;179.98;10720.00
;11;181.20;181.20;2082.00
;1;186.33;186.33;20742.00
;;;;
Shift 23;0;0;190.000;207.883
;8;190.60;190.60;396.00
;13;191.02;191.02;3828.00
;6;191.52;191.52;1056.00
;12;193.87;193.87;6028.00
;9;196.48;196.48;1434.00
;4;197.80;197.80;1182.00
;5;198.38;198.38;44.00
;2;200.77;200.77;6774.00
;1;204.82;204.82;23000.00
;;;;
Shift 24;1;1;191.000;206.033
;9;192.70;192.70;1434.00
;4;194.02;194.02;1182.00
;5;194.60;194.60;44.00
;2;196.98;196.98;10720.00
;11;198.20;198.20;2082.00
;1;203.33;203.33;20742.00
;;;;
Shift 25;1;1;207.000;224.883
;8;207.60;207.60;396.00
;13;208.02;208.02;3828.00
;6;208.52;208.52;1056.00
;12;210.87;210.87;6028.00
;9;213.48;213.48;1434.00
;4;214.80;214.80;1182.00
;5;215.38;215.38;44.00
;2;217.77;217.77;6774.00
;1;221.82;221.82;23000.00
;;;;
Shift 26;0;0;208.000;221.883
;9;209.70;209.70;1434.00
;7;210.77;210.77;234.00
;10;211.72;211.72;966.00
;2;212.95;212.95;10720.00
;11;214.17;214.17;2082.00
;1;219.30;219.30;20716.00
;;;;
Shift 27;0;0;222.000;235.767
;8;222.60;222.60;396.00
;13;223.02;223.02;3828.00
;6;223.52;223.52;1056.00
;12;225.87;225.87;6028.00
;7;227.83;227.83;234.00
;10;228.78;228.78;966.00
;2;230.02;230.02;8208.00
;1;234.07;234.07;23000.00
;;;;
Shift 28;1;1;225.000;238.767
;8;225.60;225.60;396.00
;13;226.02;226.02;3828.00
;6;226.52;226.52;1056.00
;12;228.87;228.87;6028.00
;7;230.83;230.83;234.00
;10;231.78;231.78;966.00
;2;233.02;233.02;10492.00
;1;237.07;237.07;23000.00
;;;;
Shift 29;0;0;236.000;249.767
;8;236.60;236.60;396.00
;13;237.02;237.02;3828.00
;6;237.52;237.52;1056.00
;12;239.87;239.87;6028.00
;7;241.83;241.83;234.00
;10;242.78;242.78;966.00
;2;244.02;244.02;10492.00
;1;248.07;248.07;23000.00
;;;;
Shift 30;1;1;239.000;252.767
;8;239.60;239.60;396.00
;13;240.02;240.02;3828.00
;6;240.52;240.52;1056.00
;12;242.87;242.87;6028.00
;7;244.83;244.83;234.00
;10;245.78;245.78;966.00
;2;247.02;247.02;10492.00
;1;251.07;251.07;23000.00
;;;;
Shift 31;0;0;250.000;263.767
;8;250.60;250.60;396.00
;13;251.02;251.02;3828.00
;6;251.52;251.52;1056.00
;12;253.87;253.87;6028.00
;7;255.83;255.83;234.00
;10;256.78;256.78;966.00
;2;258.02;258.02;10492.00
;1;262.07;262.07;23000.00
;;;;
Shift 32;1;1;253.000;266.767
;8;253.60;253.60;396.00
;13;254.02;254.02;3828.00
;6;254.52;254.52;1056.00
;12;256.87;256.87;6028.00
;7;258.83;258.83;234.00
;10;259.78;259.78;966.00
;2;261.02;261.02;10492.00
;1;265.07;265.07;23000.00
;;;;
Shift 33;0;0;264.000;277.767
;8;264.60;264.60;396.00
;13;265.02;265.02;3828.00
;6;265.52;265.52;1056.00
;12;267.87;267.87;6028.00
;7;269.83;269.83;234.00
;10;270.78;270.78;966.00
;2;272.02;272.02;10492.00
;1;276.07;276.07;23000.00
;;;;
Shift 34;1;1;267.000;280.767
;8;267.60;267.60;396.00
;13;268.02;268.02;3828.00
;6;268.52;268.52;1056.00
;12;270.87;270.87;6028.00
;7;272.83;272.83;234.00
;10;273.78;273.78;966.00
;2;275.02;275.02;10492.00
;1;279.07;279.07;23000.00
;;;;
Shift 35;0;0;278.000;291.767
;8;278.60;278.60;396.00
;13;279.02;279.02;3828.00
;6;279.52;279.52;1056.00
;12;281.87;281.87;6028.00
;7;283.83;283.83;234.00
;10;284.78;284.78;966.00
;2;286.02;286.02;10492.00
;1;290.07;290.07;23000.00
;;;;
Shift 36;1;1;281.000;294.767
;8;281.60;281.60;396.00
;13;282.02;282.02;3828.00
;6;282.52;282.52;1056.00
;12;284.87;284.87;6028.00
;7;286.83;286.83;234.00
;10;287.78;287.78;966.00
;2;289.02;289.02;10492.00
;1;293.07;293.07;23000.00
;;;;
Shift 37;0;0;292.000;305.767
;8;292.60;292.60;396.00
;13;293.02;293.02;3828.00
;6;293.52;293.52;1056.00
;12;295.87;295.87;6028.00
;7;297.83;297.83;234.00
;10;298.78;298.78;966.00
;2;300.02;300.02;10492.00
;1;304.07;304.07;23000.00
;;;;
Shift 38;1;1;295.000;308.767
;8;295.60;295.60;396.00
;13;296.02;296.02;3828.00
;6;296.52;296.52;1056.00
;12;298.87;298.87;6028.00
;7;300.83;300.83;234.00
;10;301.78;301.78;966.00
;2;303.02;303.02;10492.00
;1;307.07;307.07;23000.00
;;;;
Shift 39;0;0;306.000;319.767
;8;306.60;306.60;396.00
;13;307.02;307.02;3828.00
;6;307.52;307.52;1056.00
;12;309.87;309.87;6028.00
;7;311.83;311.83;234.00
;10;312.78;312.78;966.00
;2;314.02;314.02;10492.00
;1;318.07;318.07;23000.00
;;;;
Shift 40;1;1;309.000;322.767
;8;309.60;309.60;396.00
;13;310.02;310.02;3828.00
;6;310.52;310.52;1056.00
;12;312.87;312.87;6028.00
;7;314.83;314.83;234.00
;10;315.78;315.78;966.00
;2;317.02;317.02;10492.00
;1;321.07;321.07;23000.00
;;;;
Shift 41;0;0;320.000;333.767
;8;320.60;320.60;396.00
;13;321.02;321.02;3828.00
;6;321.52;321.52;1056.00
;12;323.87;323.87;6028.00
;7;325.83;325.83;234.00
;10;326.78;326.78;966.00
;2;328.02;328.02;10492.00
;1;332.07;332.07;23000.00
;;;;
Shift 42;1;1;323.000;336.767
;8;323.60;323.60;396.00
;13;324.02;324.02;3828.00
;6;324.52;324.52;1056.00
;12;326.87;326.87;6028.00
;7;328.83;328.83;234.00
;10;329.78;329.78;966.00
;2;331.02;331.02;10492.00
;1;335.07;335.07;23000.00
;;;;
Shift 43;0;0;334.000;347.767
;8;334.60;334.60;396.00
;13;335.02;335.02;3828.00
;6;335.52;335.52;1056.00
;12;337.87;337.87;6028.00
;7;339.83;339.83;234.00
;10;340.78;340.78;966.00
;2;342.02;342.02;10492.00
;1;346.07;346.07;23000.00
;;;;
Shift 44;1;1;337.000;350.767
;8;337.60;337.60;396.00
;13;338.02;338.02;3828.00
;6;338.52;338.52;1056.00
;12;340.87;340.87;6028.00
;7;342.83;342.83;234.00
;10;343.78;343.78;966.00
;2;345.02;345.02;10492.00
;1;349.07;349.07;23000.00
;;;;
Shift 45;0;0;348.000;361.767
;8;348.60;348.60;396.00
;13;349.02;349.02;3828.00
;6;349.52;349.52;1056.00
;12;351.87;351.87;6028.00
;7;353.83;353.83;234.00
;10;354.78;354.78;966.00
;2;356.02;356.02;10492.00
;1;360.07;360.07;23000.00
;;;;
Shift 46;1;1;351.000;364.767
;8;351.60;351.60;396.00
;13;352.02;352.02;3828.00
;6;352.52;352.52;1056.00
;12;354.87;354.87;6028.00
;7;356.83;356.83;234.00
;10;357.78;357.78;966.00
;2;359.02;359.02;10492.00
;1;363.07;363.07;23000.00
;;;;
Shift 47;0;0;362.000;375.767
;8;362.60;362.60;396.00
;13;363.02;363.02;3828.00
;6;363.52;363.52;1056.00
;12;365.87;365.87;6028.00
;7;367.83;367.83;234.00
;10;368.78;368.78;966.00
;2;370.02;370.02;10492.00
;1;374.07;374.07;23000.00
;;;;
Shift 48;1;1;365.000;378.767
;8;365.60;365.60;396.00
;13;366.02;366.02;3828.00
;6;366.52;366.52;1056.00
;12;368.87;368.87;6028.00
;7;370.83;370.83;234.00
;10;371.78;371.78;966.00
;2;373.02;373.02;10492.00
;1;377.07;377.07;23000.00
;;;;
Shift 49;0;0;376.000;389.767
;8;376.60;376.60;396.00
;13;377.02;377.02;3828.00
;6;377.52;377.52;1056.00
;12;379.87;379.87;6028.00
;7;381.83;381.83;234.00
;10;382.78;382.78;966.00
;2;384.02;384.02;10492.00
;1;388.07;388.07;23000.00
;;;;
Shift 50;1;1;379.000;392.767
;8;379.60;379.60;396.00
;13;380.02;380.02;3828.00
;6;380.52;380.52;1056.00
;12;382.87;382.87;6028.00
;7;384.83;384.83;234.00
;10;385.78;385.78;966.00
;2;387.02;387.02;10492.00
;1;391.07;391.07;23000.00
;;;;
Shift 51;0;0;390.000;403.767
;8;390.60;390.60;396.00
;13;391.02;391.02;3828.00
;6;391.52;391.52;1056.00
;12;393.87;393.87;6028.00
;7;395.83;395.83;234.00
;10;396.78;396.78;966.00
;2;398.02;398.02;10492.00
;1;402.07;402.07;23000.00
;;;;
Shift 52;1;1;393.000;406.767
;8;393.60;393.60;396.00
;13;394.02;394.02;3828.00
;6;394.52;394.52;1056.00
;12;396.87;396.87;6028.00
;7;398.83;398.83;234.00
;10;399.78;399.78;966.00
;2;401.02;401.02;10492.00
;1;405.07;405.07;23000.00
;;;;
Shift 53;0;0;404.000;417.767
;8;404.60;404.60;396.00
;13;405.02;405.02;3828.00
;6;405.52;405.52;1056.00
;12;407.87;407.87;6028.00
;7;409.83;409.83;234.00
;10;410.78;410.78;966.00
;2;412.02;412.02;10492.00
;1;416.07;416.07;23000.00
;;;;
Shift 54;1;1;407.000;420.767
;8;407.60;407.60;396.00
;13;408.02;408.02;3828.00
;6;408.52;408.52;1056.00
;12;410.87;410.87;6028.00
;7;412.83;412.83;234.00
;10;413.78;413.78;966.00
;2;415.02;415.02;10492.00
;1;419.07;419.07;23000.00
;;;;
Shift 55;0;0;418.000;431.767
;8;418.60;418.60;396.00
;13;419.02;419.02;3828.00
;6;419.52;419.52;1056.00
;12;421.87;421.87;6028.00
;7;423.83;423.83;234.00
;10;424.78;424.78;966.00
;2;426.02;426.02;10492.00
;1;430.07;430.07;23000.00
;;;;
Shift 56;1;1;421.000;434.767
;8;421.60;421.60;396.00
;13;422.02;422.02;3828.00
;6;422.52;422.52;1056.00
;12;424.87;424.87;6028.00
;7;426.83;426.83;234.00
;10;427.78;427.78;966.00
;2;429.02;429.02;10492.00
;1;433.07;433.07;23000.00
;;;;
Shift 57;0;0;432.000;445.767
;8;432.60;432.60;396.00
;13;433.02;433.02;3828.00
;6;433.52;433.52;1056.00
;12;435.87;435.87;6028.00
;7;437.83;437.83;234.00
;10;438.78;438.78;966.00
;2;440.02;440.02;10492.00
;1;444.07;444.07;23000.00
;;;;
Shift 58;1;1;435.000;448.767
;8;435.60;435.60;396.00
;13;436.02;436.02;3828.00
;6;436.52;436.52;1056.00
;12;438.87;438.87;6028.00
;7;440.83;440.83;234.00
;10;441.78;441.78;966.00
;2;443.02;443.02;10492.00
;1;447.07;447.07;23000.00
;;;;
Shift 59;0;0;446.000;459.767
;8;446.60;446.60;396.00
;13;447.02;447.02;3828.00
;6;447.52;447.52;1056.00
;12;449.87;449.87;6028.00
;7;451.83;451.83;234.00
;10;452.78;452.78;966.00
;2;454.02;454.02;10492.00
;1;458.07;458.07;23000.00
;;;;
Shift 60;1;1;449.000;462.767
;8;449.60;449.60;396.00
;13;450.02;450.02;3828.00
;6;450.52;450.52;1056.00
;12;452.87;452.87;6028.00
;7;454.83;454.83;234.00
;10;455.78;455.78;966.00
;2;457.02;457.02;10492.00
;1;461.07;461.07;23000.00
;;;;
Shift 61;0;0;460.000;473.767
;8;460.60;460.60;396.00
;13;461.02;461.02;3828.00
;6;461.52;461.52;1056.00
;12;463.87;463.87;6028.00
;7;465.83;465.83;234.00
;10;466.78;466.78;966.00
;2;468.02;468.02;10492.00
;1;472.07;472.07;23000.00
;;;;
Shift 62;1;1;463.000;476.767
;8;463.60;463.60;396.00
;13;464.02;464.02;3828.00
;6;464.52;464.52;1056.00
;12;466.87;466.87;6028.00
;7;468.83;468.83;234.00
;10;469.78;469.78;966.00
;2;471.02;471.02;10492.00
;1;475.07;475.07;23000.00
;;;;
Shift 63;0;0;474.000;487.767
;8;474.60;474.60;396.00
;13;475.02;475.02;3828.00
;6;475.52;475.52;1056.00
;12;477.87;477.87;6028.00
;7;479.83;479.83;234.00
;10;480.78;480.78;966.00
;2;482.02;482.02;10492.00
;1;486.07;486.07;23000.00
;;;;
Shift 64;1;1;477.000;490.767
;8;477.60;477.60;396.00
;13;478.02;478.02;3828.00
;6;478.52;478.52;1056.00
;12;480.87;480.87;6028.00
;7;482.83;482.83;234.00
;10;483.78;483.78;966.00
;2;485.02;485.02;10492.00
;1;489.07;489.07;23000.00
;;;;
Shift 65;0;0;488.000;501.767
;8;488.60;488.60;396.00
;13;489.02;489.02;3828.00
;6;489.52;489.52;1056.00
;12;491.87;491.87;6028.00
;7;493.83;493.83;234.00
;10;494.78;494.78;966.00
;2;496.02;496.02;10492.00
;1;500.07;500.07;23000.00
;;;;
Shift 66;1;1;491.000;504.767
;8;491.60;491.60;396.00
;13;492.02;492.02;3828.00
;6;492.52;492.52;1056.00
;12;494.87;494.87;6028.00
;7;496.83;496.83;234.00
;10;497.78;497.78;966.00
;2;499.02;499.02;10492.00
;1;503.07;503.07;23000.00
;;;;
Shift 67;0;0;502.000;515.767
;8;502.60;502.60;396.00
;13;503.02;503.02;3828.00
;6;503.52;503.52;1056.00
;12;505.87;505.87;6028.00
;7;507.83;507.83;234.00
;10;508.78;508.78;966.00
;2;510.02;510.02;10492.00
;1;514.07;514.07;23000.00
;;;;
Shift 68;1;1;505.000;518.767
;8;505.60;505.60;396.00
;13;506.02;506.02;3828.00
;6;506.52;506.52;1056.00
;12;508.87;508.87;6028.00
;7;510.83;510.83;234.00
;10;511.78;511.78;966.00
;2;513.02;513.02;10492.00
;1;517.07;517.07;23000.00
;;;;
Shift 69;0;0;516.000;529.767
;8;516.60;516.60;396.00
;13;517.02;517.02;3828.00
;6;517.52;517.52;1056.00
;12;519.87;519.87;6028.00
;7;521.83;521.83;234.00
;10;522.78;522.78;966.00
;2;524.02;524.02;10492.00
;1;528.07;528.07;23000.00
;;;;
Shift 70;1;1;519.000;532.767
;8;519.60;519.60;396.00
;13;520.02;520.02;3828.00
;6;520.52;520.52;1056.00
;12;522.87;522.87;6028.00
;7;524.83;524.83;234.00
;10;525.78;525.78;966.00
;2;527.02;527.02;10492.00
;1;531.07;531.07;23000.00
;;;;
Shift 71;0;0;530.000;543.767
;8;530.60;530.60;396.00
;13;531.02;531.02;3828.00
;6;531.52;531.52;1056.00
;12;533.87;533.87;6028.00
;7;535.83;535.83;234.00
;10;536.78;536.78;966.00
;2;538.02;538.02;10492.00
;1;542.07;542.07;23000.00
;;;;
Shift 72;1;1;533.000;546.767
;8;533.60;533.60;396.00
;13;534.02;534.02;3828.00
;6;534.52;534.52;1056.00
;12;536.87;536.87;6028.00
;7;538.83;538.83;234.00
;10;539.78;539.78;966.00
;2;541.02;541.02;10492.00
;1;545.07;545.07;23000.00
;;;;
Shift 73;0;0;544.000;557.767
;8;544.60;544.60;396.00
;13;545.02;545.02;3828.00
;6;545.52;545.52;1056.00
;12;547.87;547.87;6028.00
;7;549.83;549.83;234.00
;10;550.78;550.78;966.00
;2;552.02;552.02;10492.00
;1;556.07;556.07;23000.00
;;;;
Shift 74;1;1;547.000;560.767
;8;547.60;547.60;396.00
;13;548.02;548.02;3828.00
;6;548.52;548.52;1056.00
;12;550.87;550.87;6028.00
;7;552.83;552.83;234.00
;10;553.78;553.78;966.00
;2;555.02;555.02;10492.00
;1;559.07;559.07;23000.00
;;;;
Shift 75;0;0;558.000;571.767
;8;558.60;558.60;396.00
;13;559.02;559.02;3828.00
;6;559.52;559.52;1056.00
;12;561.87;561.87;6028.00
;7;563.83;563.83;234.00
;10;564.78;564.78;966.00
;2;566.02;566.02;10492.00
;1;570.07;570.07;23000.00
;;;;
Shift 76;1;1;561.000;574.767
;8;561.60;561.60;396.00
;13;562.02;562.02;3828.00
;6;562.52;562.52;1056.00
;12;564.87;564.87;6028.00
;7;566.83;566.83;234.00
;10;567.78;567.78;966.00
;2;569.02;569.02;10492.00
;1;573.07;573.07;23000.00
;;;;
Shift 77;0;0;572.000;585.767
;8;572.60;572.60;396.00
;13;573.02;573.02;3828.00
;6;573.52;573.52;1056.00
;12;575.87;575.87;6028.00
;7;577.83;577.83;234.00
;10;578.78;578.78;966.00
;2;580.02;580.02;10492.00
;1;584.07;584.07;23000.00
;;;;
Shift 78;1;1;575.000;588.767
;8;575.60;575.60;396.00
;13;576.02;576.02;3828.00
;6;576.52;576.52;1056.00
;12;578.87;578.87;6028.00
;7;580.83;580.83;234.00
;10;581.78;581.78;966.00
;2;583.02;583.02;10492.00
;1;587.07;587.07;23000.00
;;;;
Shift 79;0;0;586.000;599.767
;8;586.60;586.60;396.00
;13;587.02;587.02;3828.00
;6;587.52;587.52;1056.00
;12;589.87;589.87;6028.00
;7;591.83;591.83;234.00
;10;592.78;592.78;966.00
;2;594.02;594.02;10492.00
;1;598.07;598.07;23000.00
;;;;
Shift 80;1;1;589.000;602.767
;8;589.60;589.60;396.00
;13;590.02;590.02;3828.00
;6;590.52;590.52;1056.00
;12;592.87;592.87;6028.00
;7;594.83;594.83;234.00
;10;595.78;595.78;966.00
;2;597.02;597.02;10492.00
;1;601.07;601.07;23000.00
;;;;
Shift 81;0;0;600.000;613.767
;8;600.60;600.60;396.00
;13;601.02;601.02;3828.00
;6;601.52;601.52;1056.00
;12;603.87;603.87;6028.00
;7;605.83;605.83;234.00
;10;606.78;606.78;966.00
;2;608.02;608.02;10492.00
;1;612.07;612.07;23000.00
;;;;
Shift 82;1;1;603.000;616.767
;8;603.60;603.60;396.00
;13;604.02;604.02;3828.00
;6;604.52;604.52;1056.00
;12;606.87;606.87;6028.00
;7;608.83;608.83;234.00
;10;609.78;609.78;966.00
;2;611.02;611.02;10492.00
;1;615.07;615.07;23000.00
;;;;
Shift 83;0;0;614.000;627.767
;8;614.60;614.60;396.00
;13;615.02;615.02;3828.00
;6;615.52;615.52;1056.00
;12;617.87;617.87;6028.00
;7;619.83;619.83;234.00
;10;620.78;620.78;966.00
;2;622.02;622.02;10492.00
;1;626.07;626.07;23000.00
;;;;
Shift 84;1;1;617.000;630.767
;8;617.60;617.60;396.00
;13;618.02;618.02;3828.00
;6;618.52;618.52;1056.00
;12;620.87;620.87;6028.00
;7;622.83;622.83;234.00
;10;623.78;623.78;966.00
;2;625.02;625.02;10492.00
;1;629.07;629.07;23000.00
;;;;
Shift 85;0;0;628.000;641.767
;8;628.60;628.60;396.00
;13;629.02;629.02;3828.00
;6;629.52;629.52;1056.00
;12;631.87;631.87;6028.00
;7;633.83;633.83;234.00
;10;634.78;634.78;966.00
;2;636.02;636.02;10492.00
;1;640.07;640.07;23000.00
;;;;
Shift 86;1;1;631.000;644.767
;8;631.60;631.60;396.00
;13;632.02;632.02;3828.00
;6;632.52;632.52;1056.00
;12;634.87;634.87;6028.00
;7;636.83;636.83;234.00
;10;637.78;637.78;966.00
;2;639.02;639.02;10492.00
;1;643.07;643.07;23000.00
;;;;
Shift 87;0;0;642.000;655.767
;8;642.60;642.60;396.00
;13;643.02;643.02;3828.00
;6;643.52;643.52;1056.00
;12;645.87;645.87;6028.00
;7;647.83;647.83;234.00
;10;648.78;648.78;966.00
;2;650.02;650.02;10492.00
;1;654.07;654.07;23000.00
;;;;
Shift 88;1;1;645.000;658.767
;8;645.60;645.60;396.00
;13;646.02;646.02;3828.00
;6;646.52;646.52;1056.00
;12;648.87;648.87;6028.00
;7;650.83;650.83;234.00
;10;651.78;651.78;966.00
;2;653.02;653.02;10492.00
;1;657.07;657.07;23000.00
;;;;
Shift 89;0;0;656.000;669.767
;8;656.60;656.60;396.00
;13;657.02;657.02;3828.00
;6;657.52;657.52;1056.00
;12;659.87;659.87;6028.00
;7;661.83;661.83;234.00
;10;662.78;662.78;966.00
;2;664.02;664.02;10492.00
;1;668.07;668.07;23000.00
;;;;
Shift 90;1;1;659.000;672.767
;8;659.60;659.60;396.00
;13;660.02;660.02;3828.00
;6;660.52;660.52;1056.00
;12;662.87;662.87;6028.00
;7;664.83;664.83;234.00
;10;665.78;665.78;966.00
;2;667.02;667.02;10492.00
;1;671.07;671.07;23000.00
;;;;
Shift 91;0;0;670.000;683.767
;8;670.60;670.60;396.00
;13;671.02;671.02;3828.00
;6;671.52;671.52;1056.00
;12;673.87;673.87;6028.00
;7;675.83;675.83;234.00
;10;676.78;676.78;966.00
;2;678.02;678.02;10492.00
;1;682.07;682.07;23000.00
;;;;
Shift 92;1;1;673.000;686.767
;8;673.60;673.60;396.00
;13;674.02;674.02;3828.00
;6;674.52;674.52;1056.00
;12;676.87;676.87;6028.00
;7;678.83;678.83;234.00
;10;679.78;679.78;966.00
;2;681.02;681.02;10492.00
;1;685.07;685.07;23000.00
;;;;
Shift 93;0;0;684.000;697.767
;8;684.60;684.60;396.00
;13;685.02;685.02;3828.00
;6;685.52;685.52;1056.00
;12;687.87;687.87;6028.00
;7;689.83;689.83;234.00
;10;690.78;690.78;966.00
;2;692.02;692.02;10492.00
;1;696.07;696.07;23000.00
;;;;
Shift 94;1;1;687.000;700.767
;8;687.60;687.60;396.00
;13;688.02;688.02;3828.00
;6;688.52;688.52;1056.00
;12;690.87;690.87;6028.00
;7;692.83;692.83;234.00
;10;693.78;693.78;966.00
;2;695.02;695.02;10492.00
;1;699.07;699.07;23000.00
;;;;
Shift 95;0;0;698.000;711.767
;8;698.60;698.60;396.00
;13;699.02;699.02;3828.00
;6;699.52;699.52;1056.00
;12;701.87;701.87;6028.00
;7;703.83;703.83;234.00
;10;704.78;704.78;966.00
;2;706.02;706.02;10492.00
;1;710.07;710.07;23000.00
;;;;
Shift 96;1;1;701.000;714.767
;8;701.60;701.60;396.00
;13;702.02;702.02;3828.00
;6;702.52;702.52;1056.00
;12;704.87;704.87;6028.00
;7;706.83;706.83;234.00
;10;707.78;707.78;966.00
;2;709.02;709.02;10492.00
;1;713.07;713.07;23000.00
;;;;
Shift 97;0;0;712.000;718.567
;8;712.60;712.60;396.00
;13;713.02;713.02;3828.00
;6;713.52;713.52;1056.00
;12;715.87;715.87;6028.00
;;;;
Shift 98;1;1;715.000;717.750
;8;715.60;715.60;396.00
;13;716.02;716.02;3828.00
;6;716.52;716.52;1056.00
;;;;
Shift 99;1;1;718.000;718.000
;;;;
Shift 100;0;0;719.000;719.000
;;;;
Shift 101;1;1;719.000;719.000
